Player Name,Base Price,Type,Cost in Rs. (CR),Cost in $ (K),2022 Squad,2023 Squad
Shivam Mavi,40.0 Lakhs,BOWLER,6,720,KKR,GT
Joshua Little,50.0 Lakhs,BOWLER,4.4,528,,GT
Kane Williamson,2.0 Cr,BATSMAN,2,240,SRH,GT
K.S. Bharat,20.0 Lakhs,WICKETKEEPER,1.2,144,DC,GT
Mohit Sharma,50.0 Lakhs,BOWLER,0.5,60,,GT
Odean Smith,50.0 Lakhs,ALL-ROUNDER,0.5,60,PBKS,GT
Urvil Patel,20.0 Lakhs,WICKETKEEPER,0.2,24,,GT
Rahul Tewatia,Retained,ALL-ROUNDER,0,0,GT,GT
Pradeep Sangwan,Retained,ALL-ROUNDER,0,0,GT,GT
Rashid Khan,Retained,BOWLER,0,0,GT,GT
R. Sai Kishore,Retained,BOWLER,0,0,GT,GT
Yash Dayal,Retained,BOWLER,0,0,GT,GT
Noor Ahmad,Retained,BOWLER,0,0,GT,GT
Wriddhiman Saha,Retained,WICKETKEEPER,0,0,GT,GT
Vijay Shankar,Retained,ALL-ROUNDER,0,0,GT,GT
Shubman Gill,Retained,BATSMAN,0,0,GT,GT
Hardik Pandya,Retained,ALL-ROUNDER,0,0,GT,GT
B. Sai Sudharsan,Retained,ALL-ROUNDER,0,0,GT,GT
Alzarri Joseph,Retained,BOWLER,0,0,GT,GT
Abhinav Sadarangani,Retained,BATSMAN,0,0,GT,GT
Darshan Nalkande,Retained,ALL-ROUNDER,0,0,GT,GT
David Miller,Retained,BATSMAN,0,0,GT,GT
Matthew Wade,Retained,WICKETKEEPER,0,0,GT,GT
Jayant Yadav,Retained,ALL-ROUNDER,0,0,GT,GT
Mohammad Shami,Retained,BOWLER,0,0,GT,GT
Ben Stokes,2.0 Cr,ALL-ROUNDER,16.25,1950,,CSK
Kyle Jamieson,1.0 Cr,BOWLER,1,120,,CSK
Nishant Sindhu,20.0 Lakhs,ALL-ROUNDER,0.6,72,,CSK
Ajinkya Rahane,50.0 Lakhs,BATSMAN,0.5,60,KKR,CSK
Bhagath Varma,20.0 Lakhs,ALL-ROUNDER,0.2,24,CSK,CSK
Ajay Mandal,20.0 Lakhs,ALL-ROUNDER,0.2,24,,CSK
Shaik Rasheed,20.0 Lakhs,BATSMAN,0.2,24,,CSK
Ravindra Jadeja,Retained,ALL-ROUNDER,0,0,CSK,CSK
Rajvardhan Hangargekar,Retained,ALL-ROUNDER,0,0,CSK,CSK
Prashant Solanki,Retained,BOWLER,0,0,CSK,CSK
Ruturaj Gaikwad,Retained,BATSMAN,0,0,CSK,CSK
Tushar Deshpande,Retained,BOWLER,0,0,CSK,CSK
Mukesh Choudhary,Retained,BOWLER,0,0,CSK,CSK
Subhranshu Senapati,Retained,BATSMAN,0,0,CSK,CSK
Simarjeet Singh,Retained,BOWLER,0,0,CSK,CSK
Shivam Dube,Retained,ALL-ROUNDER,0,0,CSK,CSK
Matheesha Pathirana,Retained,BOWLER,0,0,CSK,CSK
Devon Conway,Retained,BATSMAN,0,0,CSK,CSK
Deepak Chahar,Retained,BOWLER,0,0,CSK,CSK
Ambati Rayudu,Retained,BATSMAN,0,0,CSK,CSK
Dwaine Pretorius,Retained,ALL-ROUNDER,0,0,CSK,CSK
Maheesh Theekshana,Retained,BOWLER,0,0,CSK,CSK
Moeen Ali,Retained,ALL-ROUNDER,0,0,CSK,CSK
Mitchell Santner,Retained,ALL-ROUNDER,0,0,CSK,CSK
MS Dhoni,Retained,WICKETKEEPER,0,0,CSK,CSK
Mukesh Kumar,20.0 Lakhs,BOWLER,5.5,660,,DC
Rilee Rossouw,2.0 Cr,BATSMAN,4.6,552,,DC
Manish Pandey,1.0 Cr,BATSMAN,2.4,288,LSG,DC
Phil Salt,2.0 Cr,WICKETKEEPER,2,240,,DC
Ishant Sharma,50.0 Lakhs,BOWLER,0.5,60,,DC
Ripal Patel,Retained,ALL-ROUNDER,0,0,DC,DC
Pravin Dubey,Retained,ALL-ROUNDER,0,0,DC,DC
Rishabh Pant,Retained,WICKETKEEPER,0,0,DC,DC
Prithvi Shaw,Retained,BATSMAN,0,0,DC,DC
Syed Khaleel Ahmed,Retained,BOWLER,0,0,DC,DC
Yash Dhull,Retained,ALL-ROUNDER,0,0,DC,DC
Vicky Ostwal,Retained,ALL-ROUNDER,0,0,DC,DC
Mustafizur Rahman,Retained,BOWLER,0,0,DC,DC
Sarfaraz Khan,Retained,ALL-ROUNDER,0,0,DC,DC
Rovman Powell,Retained,BATSMAN,0,0,DC,DC
Lalit Yadav,Retained,ALL-ROUNDER,0,0,DC,DC
Axar Patel,Retained,ALL-ROUNDER,0,0,DC,DC
Anrich Nortje,Retained,BOWLER,0,0,DC,DC
Aman Khan (T),Retained,ALL-ROUNDER,0,0,DC,DC
Chetan Sakariya,Retained,BOWLER,0,0,DC,DC
David Warner,Retained,BATSMAN,0,0,DC,DC
Lungisani Ngidi,Retained,BOWLER,0,0,DC,DC
Kuldeep Yadav,Retained,BOWLER,0,0,DC,DC
Kamlesh Nagarkoti,Retained,ALL-ROUNDER,0,0,DC,DC
Mitchell Marsh,Retained,ALL-ROUNDER,0,0,DC,DC
Shakib Al Hasan,15.0 Lakhs,ALL-ROUNDER,1.5,180,,KKR
David Wiese,1.0 Cr,ALL-ROUNDER,1,120,,KKR
N. Jagadeesan,20.0 Lakhs,WICKETKEEPER,0.9,108,CSK,KKR
Vaibhav Arora,20.0 Lakhs,BOWLER,0.6,72,PBKS,KKR
Litton Das,50.0 Lakhs,WICKETKEEPER,0.5,60,,KKR
Mandeep Singh,50.0 Lakhs,BATSMAN,0.5,60,DC,KKR
Kulwant Khejroliya,20.0 Lakhs,BOWLER,0.2,24,,KKR
Suyash Sharma,20.0 Lakhs,BOWLER,0.2,24,,KKR
Sunil Narine,Retained,BOWLER,0,0,KKR,KKR
Shreyas Iyer,Retained,BATSMAN,0,0,KKR,KKR
Tim Southee,Retained,BOWLER,0,0,KKR,KKR
Umesh Yadav,Retained,BOWLER,0,0,KKR,KKR
Varun Chakaravarthy,Retained,BOWLER,0,0,KKR,KKR
Shardul Thakur (T),Retained,BOWLER,0,0,KKR,KKR
Venkatesh Iyer,Retained,ALL-ROUNDER,0,0,KKR,KKR
Harshit Rana,Retained,BOWLER,0,0,KKR,KKR
Anukul Roy,Retained,ALL-ROUNDER,0,0,KKR,KKR
Andre Russell,Retained,ALL-ROUNDER,0,0,KKR,KKR
Lockie Ferguson (T),Retained,BOWLER,0,0,KKR,KKR
Nitish Rana,Retained,ALL-ROUNDER,0,0,KKR,KKR
Rahmanullah Gurbaz (T),Retained,WICKETKEEPER,0,0,KKR,KKR
Rinku Singh,Retained,BATSMAN,0,0,KKR,KKR
Sam Curran,2.0 Cr,ALL-ROUNDER,18.5,2220,,PBKS
Sikandar Raza,50.0 Lakhs,ALL-ROUNDER,0.5,60,,PBKS
Harpreet Bhatia,20.0 Lakhs,BATSMAN,0.4,48,,PBKS
Mohit Rathee,20.0 Lakhs,ALL-ROUNDER,0.2,24,,PBKS
Vidwath Kaverappa,20.0 Lakhs,BOWLER,0.2,24,,PBKS
Shivam Singh,50.0 Lakhs,WICKETKEEPER,0.2,24,,PBKS
Liam Livingstone,Retained,ALL-ROUNDER,0,0,PBKS,PBKS
Baltej Singh Dhanda,Retained,BOWLER,0,0,PBKS,PBKS
Atharva Taide,Retained,ALL-ROUNDER,0,0,PBKS,PBKS
Bhanuka Rajapakse,Retained,BATSMAN,0,0,PBKS,PBKS
Jitesh Sharma,Retained,WICKETKEEPER,0,0,PBKS,PBKS
Nathan Ellis,Retained,BOWLER,0,0,PBKS,PBKS
Jonny Bairstow,Retained,WICKETKEEPER,0,0,PBKS,PBKS
Kagiso Rabada,Retained,BOWLER,0,0,PBKS,PBKS
Harpreet Brar,Retained,ALL-ROUNDER,0,0,PBKS,PBKS
Shahrukh Khan,Retained,ALL-ROUNDER,0,0,PBKS,PBKS
Shikhar Dhawan,Retained,BATSMAN,0,0,PBKS,PBKS
Rahul Chahar,Retained,BOWLER,0,0,PBKS,PBKS
Arshdeep Singh,Retained,BOWLER,0,0,PBKS,PBKS
Prabhsimran Singh,Retained,WICKETKEEPER,0,0,PBKS,PBKS
Raj Angad Bawa,Retained,ALL-ROUNDER,0,0,PBKS,PBKS
Rishi Dhawan,Retained,ALL-ROUNDER,0,0,PBKS,PBKS
Nicholas Pooran,2.0 Cr,WICKETKEEPER,16,1920,SRH,LSG
Daniel Sams,75.0 Lakhs,ALL-ROUNDER,0.75,90,MI,LSG
Jaydev Unadkat,50.0 Lakhs,BOWLER,0.5,60,MI,LSG
Naveen Ul Haq,50.0 Lakhs,BOWLER,0.5,60,,LSG
Amit Mishra,50.0 Lakhs,BOWLER,0.5,60,,LSG
Romario Shepherd,50.0 Lakhs,ALL-ROUNDER,0.5,60,SRH,LSG
Yash Thakur,20.0 Lakhs,BOWLER,0.45,54,,LSG
Swapnil Singh,20.0 Lakhs,ALL-ROUNDER,0.2,24,,LSG
Yudhvir Charak,20.0 Lakhs,ALL-ROUNDER,0.2,24,,LSG
Prerak Mankad,20.0 Lakhs,ALL-ROUNDER,0.2,24,PBKS,LSG
Mark Wood,Retained,BOWLER,0,0,LSG,LSG
Marcus Stoinis,Retained,ALL-ROUNDER,0,0,LSG,LSG
Mayank Yadav,Retained,BOWLER,0,0,LSG,LSG
Mohsin Khan,Retained,BOWLER,0,0,LSG,LSG
Quinton De Kock,Retained,WICKETKEEPER,0,0,LSG,LSG
Manan Vohra,Retained,BATSMAN,0,0,LSG,LSG
Ravi Bishnoi,Retained,BOWLER,0,0,LSG,LSG
Deepak Hooda,Retained,ALL-ROUNDER,0,0,LSG,LSG
Ayush Badoni,Retained,ALL-ROUNDER,0,0,LSG,LSG
Avesh Khan,Retained,BOWLER,0,0,LSG,LSG
K. Gowtham,Retained,ALL-ROUNDER,0,0,LSG,LSG
Karan Sharma,Retained,ALL-ROUNDER,0,0,LSG,LSG
Krunal Pandya,Retained,ALL-ROUNDER,0,0,LSG,LSG
KL Rahul,Retained,BATSMAN,0,0,LSG,LSG
Kyle Mayers,Retained,ALL-ROUNDER,0,0,LSG,LSG
Cameron Green,2.0 Cr,ALL-ROUNDER,17.5,2100,,MI
Jhye Richardson,15.0 Lakhs,BOWLER,1.5,180,,MI
Piyush Chawla,50.0 Lakhs,BOWLER,0.5,60,,MI
Raghav Goyal,20.0 Lakhs,BOWLER,0.2,24,,MI
Shams Mulani,20.0 Lakhs,ALL-ROUNDER,0.2,24,,MI
Nehal Wadhera,20.0 Lakhs,ALL-ROUNDER,0.2,24,,MI
Vishnu Vinod,20.0 Lakhs,WICKETKEEPER,0.2,24,SRH,MI
Duan Jansen,20.0 Lakhs,ALL-ROUNDER,0.2,24,,MI
Ramandeep Singh,Retained,ALL-ROUNDER,0,0,MI,MI
N. Tilak Varma,Retained,ALL-ROUNDER,0,0,MI,MI
Mohd. Arshad Khan,Retained,ALL-ROUNDER,0,0,MI,MI
Rohit Sharma,Retained,BATSMAN,0,0,MI,MI
Suryakumar Yadav,Retained,BATSMAN,0,0,MI,MI
Kumar Kartikeya Singh,Retained,ALL-ROUNDER,0,0,MI,MI
Tristan Stubbs*,Retained,WICKETKEEPER,0,0,MI,MI
Tim David,Retained,ALL-ROUNDER,0,0,MI,MI
Hrithik Shokeen,Retained,ALL-ROUNDER,0,0,MI,MI
Arjun Tendulkar,Retained,ALL-ROUNDER,0,0,MI,MI
Akash Madhwal,Retained,BOWLER,0,0,MI,MI
Dewald Brevis,Retained,BATSMAN,0,0,MI,MI
Ishan Kishan,Retained,WICKETKEEPER,0,0,MI,MI
Jasprit Bumrah,Retained,BOWLER,0,0,MI,MI
Jason Behrendorff (T),Retained,BOWLER,0,0,MI,MI
Jofra Archer,Retained,ALL-ROUNDER,0,0,MI,MI
Will Jacks,15.0 Lakhs,BATSMAN,3.2,384,,RCB
Reece Topley,75.0 Lakhs,BOWLER,1.9,228,,RCB
Rajan Kumar,20.0 Lakhs,BOWLER,0.7,84,,RCB
Avinash Singh,20.0 Lakhs,BOWLER,0.6,72,,RCB
Manoj Bhandage,20.0 Lakhs,ALL-ROUNDER,0.2,24,,RCB
Sonu Yadav,20.0 Lakhs,ALL-ROUNDER,0.2,24,,RCB
Himanshu Sharma,20.0 Lakhs,BOWLER,0.2,24,,RCB
Rajat Patidar,Retained,BATSMAN,0,0,RCB,RCB
Mahipal Lomror,Retained,BOWLER,0,0,RCB,RCB
Shahbaz Ahamad,Retained,ALL-ROUNDER,0,0,RCB,RCB
Mohammed Siraj,Retained,BOWLER,0,0,RCB,RCB
Wanindu Hasaranga,Retained,ALL-ROUNDER,0,0,RCB,RCB
Karn Sharma,Retained,BOWLER,0,0,RCB,RCB
Virat Kohli,Retained,BATSMAN,0,0,RCB,RCB
Suyash Prabhudessai,Retained,ALL-ROUNDER,0,0,RCB,RCB
Siddharth Kaul,Retained,BOWLER,0,0,RCB,RCB
Finn Allen,Retained,BATSMAN,0,0,RCB,RCB
David Willey,Retained,ALL-ROUNDER,0,0,RCB,RCB
Anuj Rawat,Retained,WICKETKEEPER,0,0,RCB,RCB
Akash Deep,Retained,BOWLER,0,0,RCB,RCB
Dinesh Karthik,Retained,WICKETKEEPER,0,0,RCB,RCB
Faf Du Plessis,Retained,BATSMAN,0,0,RCB,RCB
Harshal Patel,Retained,ALL-ROUNDER,0,0,RCB,RCB
Glenn Maxwell,Retained,ALL-ROUNDER,0,0,RCB,RCB
Josh Hazlewood,Retained,BOWLER,0,0,RCB,RCB
Jason Holder,2.0 Cr,ALL-ROUNDER,5.75,690,LSG,RR
Adam Zampa,15.0 Lakhs,BOWLER,1.5,180,,RR
Joe Root,1.0 Cr,BATSMAN,1,120,,RR
Donovan Ferreira,20.0 Lakhs,WICKETKEEPER,0.5,60,,RR
K.M. Asif,30.0 Lakhs,BOWLER,0.3,36,CSK,RR
Kunal Rathore,20.0 Lakhs,WICKETKEEPER,0.2,24,,RR
Abdul P A,20.0 Lakhs,ALL-ROUNDER,0.2,24,,RR
Akash Vashisht,20.0 Lakhs,ALL-ROUNDER,0.2,24,,RR
Murugan Ashwin,20.0 Lakhs,BOWLER,0.2,24,MI,RR
Sanju Samson,Retained,WICKETKEEPER,0,0,RR,RR
Riyan Parag,Retained,ALL-ROUNDER,0,0,RR,RR
R. Ashwin,Retained,ALL-ROUNDER,0,0,RR,RR
Shimron Hetmyer,Retained,BATSMAN,0,0,RR,RR
Trent Boult,Retained,BOWLER,0,0,RR,RR
Prasidh Krishna,Retained,BOWLER,0,0,RR,RR
Yuzvendra Chahal,Retained,BOWLER,0,0,RR,RR
Yashasvi Jaiswal,Retained,BATSMAN,0,0,RR,RR
K.C Cariappa,Retained,BOWLER,0,0,RR,RR
Dhruv Jurel,Retained,WICKETKEEPER,0,0,RR,RR
Devdutt Padikkal,Retained,BATSMAN,0,0,RR,RR
Jos Buttler,Retained,WICKETKEEPER,0,0,RR,RR
Kuldeep Sen,Retained,BOWLER,0,0,RR,RR
Navdeep Saini,Retained,BOWLER,0,0,RR,RR
Kuldip Yadav,Retained,BOWLER,0,0,RR,RR
Obed Mccoy,Retained,BOWLER,0,0,RR,RR
Harry Brook,1.5 Cr,BATSMAN,13.25,1590,,SRH
Mayank Agarwal,1.0 Cr,BATSMAN,8.25,990,PBKS,SRH
Heinrich Klaasen,1.0 Cr,WICKETKEEPER,5.25,630,,SRH
Vivrant Sharma,20.0 Lakhs,ALL-ROUNDER,2.6,312,,SRH
Adil Rashid,2.0 Cr,BOWLER,2,240,,SRH
Mayank Dagar,20.0 Lakhs,ALL-ROUNDER,1.8,216,,SRH
Akeal Hosein,1.0 Cr,BOWLER,1,120,,SRH
Mayank Markande,50.0 Lakhs,BOWLER,0.5,60,MI,SRH
Upendra Singh Yadav,20.0 Lakhs,WICKETKEEPER,0.25,30,,SRH
Nitish Kumar Reddy,20.0 Lakhs,WICKETKEEPER,0.2,24,,SRH
Samarth Vyas,20.0 Lakhs,ALL-ROUNDER,0.2,24,,SRH
Anmolpreet Singh,20.0 Lakhs,BATSMAN,0.2,24,MI,SRH
Sanvir Singh,20.0 Lakhs,ALL-ROUNDER,0.2,24,,SRH
Marco Jansen,Retained,ALL-ROUNDER,0,0,SRH,SRH
Rahul Tripathi,Retained,BATSMAN,0,0,SRH,SRH
Umran Malik,Retained,BOWLER,0,0,SRH,SRH
Washington Sundar,Retained,ALL-ROUNDER,0,0,SRH,SRH
Kartik Tyagi,Retained,BOWLER,0,0,SRH,SRH
T. Natarajan,Retained,BOWLER,0,0,SRH,SRH
Fazalhaq Farooqi,Retained,BOWLER,0,0,SRH,SRH
Abdul Samad,Retained,BATSMAN,0,0,SRH,SRH
Abhishek Sharma,Retained,ALL-ROUNDER,0,0,SRH,SRH
Aiden Markram,Retained,BATSMAN,0,0,SRH,SRH
Bhuvneshwar Kumar,Retained,BOWLER,0,0,SRH,SRH
Glenn Phillips,Retained,WICKETKEEPER,0,0,SRH,SRH
Tom Banton,2.0 Cr,WICKETKEEPER,,,,Unsold
Kusal Mendis,50.0 Lakhs,WICKETKEEPER,,,,Unsold
Chris Jordan,2.0 Cr,BOWLER,,,CSK,Unsold
Adam Milne,2.0 Cr,BOWLER,,,CSK,Unsold
Mujeeb Rahman,1.0 Cr,BOWLER,,,,Unsold
Tabraiz Shamsi,1.0 Cr,BOWLER,,,,Unsold
Shubham Khajuria,20.0 Lakhs,BATSMAN,,,,Unsold
Rohan Kunnummal,20.0 Lakhs,BATSMAN,,,,Unsold
Chethan L.R.,20.0 Lakhs,BATSMAN,,,,Unsold
Himmat Singh,20.0 Lakhs,BATSMAN,,,,Unsold
Corbin Bosch,20.0 Lakhs,ALL-ROUNDER,,,RR,Unsold
Priyam Garg,20.0 Lakhs,ALL-ROUNDER,,,SRH,Unsold
Saurabh Kumar,20.0 Lakhs,ALL-ROUNDER,,,,Unsold
Shashank Singh,20.0 Lakhs,ALL-ROUNDER,,,SRH,Unsold
Mohammed Azharuddeen,20.0 Lakhs,WICKETKEEPER,,,,Unsold
Dinesh Bana,20.0 Lakhs,WICKETKEEPER,,,,Unsold
Abhimanyu Easwaran,20.0 Lakhs,WICKETKEEPER,,,,Unsold
Sumit Kumar,20.0 Lakhs,WICKETKEEPER,,,,Unsold
Lance Morris,30.0 Lakhs,BOWLER,,,,Unsold
Mujtaba Yousuf,20.0 Lakhs,BOWLER,,,,Unsold
Chintal Gandhi,20.0 Lakhs,BOWLER,,,,Unsold
Shreyas Gopal,20.0 Lakhs,BOWLER,,,SRH,Unsold
S Midhun,20.0 Lakhs,BOWLER,,,,Unsold
Izharulhuq Naveed,20.0 Lakhs,BOWLER,,,,Unsold
Travis Head,2.0 Cr,BATSMAN,,,,Unsold
Dawid Malan,15.0 Lakhs,BATSMAN,,,,Unsold
Sherfane Rutherford,15.0 Lakhs,BATSMAN,,,RCB,Unsold
Paul Stirling,50.0 Lakhs,BATSMAN,,,,Unsold
Rassie Van Der Dussen,2.0 Cr,BATSMAN,,,RR,Unsold
Daryl Mitchell,1.0 Cr,ALL-ROUNDER,,,RR,Unsold
Mohammad Nabi,1.0 Cr,ALL-ROUNDER,,,KKR,Unsold
Jimmy Neesham,2.0 Cr,ALL-ROUNDER,,,RR,Unsold
Wayne Parnell,75.0 Lakhs,ALL-ROUNDER,,,,Unsold
Dasun Shanaka,50.0 Lakhs,ALL-ROUNDER,,,,Unsold
Taskin Ahmed,50.0 Lakhs,BOWLER,,,,Unsold
Dushmanta Chameera,50.0 Lakhs,BOWLER,,,LSG,Unsold
Riley Meredith,15.0 Lakhs,BOWLER,,,MI,Unsold
Blessing Muzarabani,50.0 Lakhs,BOWLER,,,,Unsold
Sandeep Sharma,50.0 Lakhs,BOWLER,,,PBKS,Unsold
Johnson Charles,50.0 Lakhs,WICKETKEEPER,,,,Unsold
Andre Fletcher,50.0 Lakhs,WICKETKEEPER,,,,Unsold
Shai Hope,1.0 Cr,WICKETKEEPER,,,,Unsold
Tom Latham,1.0 Cr,WICKETKEEPER,,,,Unsold
Joshua Philippe,75.0 Lakhs,WICKETKEEPER,,,,Unsold
Lorcan Tucker,50.0 Lakhs,WICKETKEEPER,,,,Unsold
Shahbaz Nadeem,50.0 Lakhs,BOWLER,,,LSG,Unsold
Ish Sodhi,75.0 Lakhs,BOWLER,,,,Unsold
Sachin Baby,20.0 Lakhs,BATSMAN,,,,Unsold
Ashwin Hebbar,20.0 Lakhs,BATSMAN,,,DC,Unsold
Pukhraj Mann,20.0 Lakhs,BATSMAN,,,,Unsold
Akshat Raghuwanshi,20.0 Lakhs,BATSMAN,,,,Unsold
Himanshu Rana,20.0 Lakhs,BATSMAN,,,,Unsold
Shoun Roger,20.0 Lakhs,BATSMAN,,,,Unsold
Virat Singh,20.0 Lakhs,BATSMAN,,,,Unsold
Will Smeed,40.0 Lakhs,BATSMAN,,,,Unsold
Apoorv Wankhade,30.0 Lakhs,BATSMAN,,,,Unsold
Gerald Coetzee,20.0 Lakhs,ALL-ROUNDER,,,,Unsold
Evan Jones,20.0 Lakhs,ALL-ROUNDER,,,,Unsold
Abid Mushtaq,20.0 Lakhs,ALL-ROUNDER,,,,Unsold
Suryansh Shedge,20.0 Lakhs,ALL-ROUNDER,,,,Unsold
Jagadeesha Suchith,20.0 Lakhs,ALL-ROUNDER,,,SRH,Unsold
Ricky Bhui,20.0 Lakhs,WICKETKEEPER,,,,Unsold
Baba Indrajith,20.0 Lakhs,WICKETKEEPER,,,KKR,Unsold
Sheldon Jackson,20.0 Lakhs,WICKETKEEPER,,,KKR,Unsold
Aryan Juyal,20.0 Lakhs,WICKETKEEPER,,,MI,Unsold
Kirant Shinde,20.0 Lakhs,WICKETKEEPER,,,,Unsold
Luvnith Sisodia,20.0 Lakhs,WICKETKEEPER,,,RCB,Unsold
Vishnu Solanki,20.0 Lakhs,WICKETKEEPER,,,,Unsold
Aniket Choudhary,30.0 Lakhs,BOWLER,,,,Unsold
Ravi Kumar,20.0 Lakhs,BOWLER,,,,Unsold
Sushant Mishra,20.0 Lakhs,BOWLER,,,SRH,Unsold
Arzan Nagwaswalla,20.0 Lakhs,BOWLER,,,,Unsold
Ishan Porel,20.0 Lakhs,BOWLER,,,PBKS,Unsold
Akash Singh,20.0 Lakhs,BOWLER,,,,Unsold
Basil Thampi,20.0 Lakhs,BOWLER,,,MI,Unsold
Paul Van Meekeren,20.0 Lakhs,BOWLER,,,,Unsold
Vyshak Vijay Kumar,20.0 Lakhs,BOWLER,,,,Unsold
S.Ajith Ram,20.0 Lakhs,BOWLER,,,,Unsold
Satyajeet Bachhav,20.0 Lakhs,BOWLER,,,,Unsold
Tejas Baroka,20.0 Lakhs,BOWLER,,,RR,Unsold
Yuvraj Chudasama,20.0 Lakhs,BOWLER,,,,Unsold
Peter Hatzoglou,20.0 Lakhs,BOWLER,,,,Unsold
Karthik Meiyappan,20.0 Lakhs,BOWLER,,,,Unsold
Shivam Sharma,20.0 Lakhs,BOWLER,,,,Unsold
Reeza Hendricks,50.0 Lakhs,BATSMAN,,,,Unsold
Christiaan Jonker,50.0 Lakhs,BATSMAN,,,,Unsold
Brandon King,50.0 Lakhs,BATSMAN,,,,Unsold
Chris Lynn,2.0 Cr,BATSMAN,,,,Unsold
Karun Nair,50.0 Lakhs,BATSMAN,,,RR,Unsold
Pathum Nissaanka,50.0 Lakhs,BATSMAN,,,,Unsold
Jason Roy,15.0 Lakhs,BATSMAN,,,GT,Unsold
Gurkeerat Singh,50.0 Lakhs,BATSMAN,,,GT,Unsold
Harry Tector,50.0 Lakhs,BATSMAN,,,,Unsold
Najibullah Zadran,50.0 Lakhs,BATSMAN,,,,Unsold
Sean Abbott,15.0 Lakhs,ALL-ROUNDER,,,SRH,Unsold
Qais Ahmad,50.0 Lakhs,ALL-ROUNDER,,,,Unsold
Charith Asalanka,50.0 Lakhs,ALL-ROUNDER,,,,Unsold
Michael Bracewell,1.0 Cr,ALL-ROUNDER,,,,Unsold
Dominic Drakes,50.0 Lakhs,ALL-ROUNDER,,,GT,Unsold
George Garton,50.0 Lakhs,ALL-ROUNDER,,,,Unsold
Chamika Karunaratne,50.0 Lakhs,ALL-ROUNDER,,,KKR,Unsold
Jamie Overton,2.0 Cr,ALL-ROUNDER,,,,Unsold
Sandeep Warrier,50.0 Lakhs,ALL-ROUNDER,,,,Unsold
Ben Dwarshuis,50.0 Lakhs,BOWLER,,,,Unsold
Richard Gleeson,50.0 Lakhs,BOWLER,,,,Unsold
Lahiru Kumara,50.0 Lakhs,BOWLER,,,,Unsold
Dilshan Madushanka,50.0 Lakhs,BOWLER,,,,Unsold
Billy Stanlake,50.0 Lakhs,BOWLER,,,,Unsold
Andrew Tye,1.0 Cr,BOWLER,,,LSG,Unsold
Luke Wood,1.0 Cr,BOWLER,,,,Unsold
Priyansh Arya,20.0 Lakhs,BATSMAN,,,,Unsold
Matthew Breetzke,20.0 Lakhs,BATSMAN,,,,Unsold
Shivam Chauhan,20.0 Lakhs,BATSMAN,,,,Unsold
Rahul Gahlaut,20.0 Lakhs,BATSMAN,,,,Unsold
Sudip Gharami,20.0 Lakhs,BATSMAN,,,,Unsold
C. Hari Nishaanth,20.0 Lakhs,BATSMAN,,,CSK,Unsold
Amandeep Khare,20.0 Lakhs,BATSMAN,,,,Unsold
Bhanu Pania,20.0 Lakhs,BATSMAN,,,,Unsold
Ekant Sen,20.0 Lakhs,BATSMAN,,,,Unsold
Akash Singh,20.0 Lakhs,BATSMAN,,,,Unsold
Himanshu Bisht,20.0 Lakhs,ALL-ROUNDER,,,,Unsold
Mickil Jaiswal,20.0 Lakhs,ALL-ROUNDER,,,,Unsold
G.Aniketh Reddy,20.0 Lakhs,ALL-ROUNDER,,,,Unsold
Atit Sheth,20.0 Lakhs,ALL-ROUNDER,,,,Unsold
M. Siddharth,20.0 Lakhs,ALL-ROUNDER,,,,Unsold
Tanay Thyagarajann,20.0 Lakhs,ALL-ROUNDER,,,,Unsold
Sumeet Verma,20.0 Lakhs,ALL-ROUNDER,,,,Unsold
Sanjay Yadav,20.0 Lakhs,ALL-ROUNDER,,,MI,Unsold
Ajitesh Guruswamy,20.0 Lakhs,WICKETKEEPER,,,,Unsold
Yash Kothari,20.0 Lakhs,WICKETKEEPER,,,,Unsold
Suresh Kumar,20.0 Lakhs,WICKETKEEPER,,,,Unsold
Kumar Kushagra,20.0 Lakhs,WICKETKEEPER,,,,Unsold
Anmol Malhotra,20.0 Lakhs,WICKETKEEPER,,,,Unsold
Robin Minz,20.0 Lakhs,WICKETKEEPER,,,,Unsold
Agniv Pan,20.0 Lakhs,WICKETKEEPER,,,,Unsold
Priyesh Patel,20.0 Lakhs,WICKETKEEPER,,,,Unsold
Mitesh Patel,20.0 Lakhs,WICKETKEEPER,,,,Unsold
Abishek Porel,20.0 Lakhs,WICKETKEEPER,,,,Unsold
Bharat Sharma,20.0 Lakhs,WICKETKEEPER,,,,Unsold
Vivek Singh,20.0 Lakhs,WICKETKEEPER,,,,Unsold
Abhijeet Tomar,20.0 Lakhs,WICKETKEEPER,,,KKR,Unsold
Basit Bashir,20.0 Lakhs,BOWLER,,,,Unsold
Nandre Burger,20.0 Lakhs,BOWLER,,,,Unsold
Rasikh Dar,20.0 Lakhs,BOWLER,,,KKR,Unsold
Sakib Hussain,20.0 Lakhs,BOWLER,,,,Unsold
Waseem Khanday,20.0 Lakhs,BOWLER,,,,Unsold
Ravi Kiran Majeti,20.0 Lakhs,BOWLER,,,,Unsold
Lukman Hussain Meriwala,20.0 Lakhs,BOWLER,,,,Unsold
Anuj Raj,20.0 Lakhs,BOWLER,,,,Unsold
Ankit Singh Rajpoot,20.0 Lakhs,BOWLER,,,LSG,Unsold
Prince Yadav,20.0 Lakhs,BOWLER,,,,Unsold
Prithviraj Yarra,20.0 Lakhs,BOWLER,,,,Unsold
Mushtaq Beg,20.0 Lakhs,BOWLER,,,,Unsold
Rocky Bhasker,20.0 Lakhs,BOWLER,,,,Unsold
Sanjith Devaraj,20.0 Lakhs,BOWLER,,,,Unsold
Allah Mohammad,20.0 Lakhs,BOWLER,,,,Unsold
Lalit Mohan,20.0 Lakhs,BOWLER,,,,Unsold
Bhuwan Rohilla,20.0 Lakhs,BOWLER,,,,Unsold
Aman Sharma,20.0 Lakhs,BOWLER,,,,Unsold
Manav Suthar,20.0 Lakhs,BOWLER,,,,Unsold
Tom Curran,75.0 Lakhs,ALL-ROUNDER,,,,Unsold
Moises Henriques,1.0 Cr,ALL-ROUNDER,,,,Unsold
Afif Hossain,50.0 Lakhs,ALL-ROUNDER,,,,Unsold
Scott Kuggeleijn,50.0 Lakhs,ALL-ROUNDER,,,,Unsold
Sisanda Magala,50.0 Lakhs,ALL-ROUNDER,,,,Unsold
Craig Overton,2.0 Cr,ALL-ROUNDER,,,,Unsold
Darcy Short,75.0 Lakhs,ALL-ROUNDER,,,,Unsold
Dhananjaya Silva,50.0 Lakhs,ALL-ROUNDER,,,,Unsold
Dunith Wellalage,50.0 Lakhs,ALL-ROUNDER,,,,Unsold
Varun Aaron,50.0 Lakhs,BOWLER,,,GT,Unsold
Sheldon Cottrel,50.0 Lakhs,BOWLER,,,,Unsold
Nathan Coulter-Nile,15.0 Lakhs,BOWLER,,,RR,Unsold
Daryn Dupavillon,50.0 Lakhs,BOWLER,,,,Unsold
Matt Henry,1.0 Cr,BOWLER,,,,Unsold
Dhawal Kulkarni,50.0 Lakhs,BOWLER,,,,Unsold
Tymal Mills,2.0 Cr,BOWLER,,,MI,Unsold
David Payne,75.0 Lakhs,BOWLER,,,,Unsold
Barinder Sran,50.0 Lakhs,BOWLER,,,,Unsold
Glenton Stuurman,50.0 Lakhs,BOWLER,,,,Unsold
Anirudh Balachander,20.0 Lakhs,BATSMAN,,,,Unsold
Gourav Choudhary,20.0 Lakhs,BATSMAN,,,,Unsold
Saurav Chuahan,20.0 Lakhs,BATSMAN,,,,Unsold
Kumar Deobrat,20.0 Lakhs,BATSMAN,,,,Unsold
Chirag Gandhi,20.0 Lakhs,BATSMAN,,,,Unsold
Arman Jaffer,20.0 Lakhs,BATSMAN,,,,Unsold
Madhav Kaushik,20.0 Lakhs,BATSMAN,,,,Unsold
Priyank Panchal,20.0 Lakhs,BATSMAN,,,,Unsold
Ayush Pandey,20.0 Lakhs,BATSMAN,,,,Unsold
Rohan Patil,20.0 Lakhs,BATSMAN,,,,Unsold
Sanjay Ramaswamy,20.0 Lakhs,BATSMAN,,,,Unsold
Siddharth Yadav,20.0 Lakhs,BATSMAN,,,,Unsold
Rehan Ahmed,40.0 Lakhs,ALL-ROUNDER,,,,Unsold
Prayas Barman,20.0 Lakhs,ALL-ROUNDER,,,,Unsold
Rahul Buddhi,20.0 Lakhs,ALL-ROUNDER,,,MI,Unsold
Vaisakh Chandran,20.0 Lakhs,ALL-ROUNDER,,,,Unsold
Writtick Chatterjee,20.0 Lakhs,ALL-ROUNDER,,,PBKS,Unsold
Prashant Chopra,20.0 Lakhs,ALL-ROUNDER,,,,Unsold
Harsh Dubey,20.0 Lakhs,ALL-ROUNDER,,,,Unsold
Tanush Kotian,20.0 Lakhs,ALL-ROUNDER,,,,Unsold
Ninad Rathva,20.0 Lakhs,ALL-ROUNDER,,,,Unsold
B. Surya,20.0 Lakhs,ALL-ROUNDER,,,,Unsold
Jordan Thompson,40.0 Lakhs,ALL-ROUNDER,,,,Unsold
Shivank Vashisth,20.0 Lakhs,ALL-ROUNDER,,,,Unsold
Ankush Bains,20.0 Lakhs,WICKETKEEPER,,,,Unsold
Christopher Benjamin,20.0 Lakhs,WICKETKEEPER,,,,Unsold
Connor Esterhuizen,20.0 Lakhs,WICKETKEEPER,,,,Unsold
Mohd Arslan Khan,20.0 Lakhs,WICKETKEEPER,,,,Unsold
Mamidi Krishna,20.0 Lakhs,WICKETKEEPER,,,,Unsold
Fazil Makaya,20.0 Lakhs,WICKETKEEPER,,,,Unsold
Akshdeep Nath,20.0 Lakhs,WICKETKEEPER,,,,Unsold
Deepak Punia,20.0 Lakhs,WICKETKEEPER,,,,Unsold
Ateev Saini,20.0 Lakhs,WICKETKEEPER,,,,Unsold
Bipin Saurabh,20.0 Lakhs,WICKETKEEPER,,,,Unsold
B.R. Sharath,20.0 Lakhs,WICKETKEEPER,,,,Unsold
Yashovardhan Singh,20.0 Lakhs,WICKETKEEPER,,,,Unsold
Lakshay Thareja,20.0 Lakhs,WICKETKEEPER,,,,Unsold
Mohit Avasthi,20.0 Lakhs,BOWLER,,,,Unsold
Ottneil Baartman,20.0 Lakhs,BOWLER,,,,Unsold
Gurnoor Singh Brar,20.0 Lakhs,BOWLER,,,,Unsold
Shahrukh Dar,20.0 Lakhs,BOWLER,,,,Unsold
Thomas Helm,40.0 Lakhs,BOWLER,,,,Unsold
Pankaj Jaswal,20.0 Lakhs,BOWLER,,,,Unsold
Venkatesh Muralidhara,20.0 Lakhs,BOWLER,,,,Unsold
Geet Puri,20.0 Lakhs,BOWLER,,,,Unsold
E. Sanketh,20.0 Lakhs,BOWLER,,,,Unsold
Ajay Sarkar,20.0 Lakhs,BOWLER,,,,Unsold
Ashok Sharma,20.0 Lakhs,BOWLER,,,,Unsold
Kanwar Singh,20.0 Lakhs,BOWLER,,,,Unsold
Fabian Allen,50.0 Lakhs,ALL-ROUNDER,,,MI,Unsold
Carlos Brathwaite,75.0 Lakhs,ALL-ROUNDER,,,,Unsold
Roston Chase,1.0 Cr,ALL-ROUNDER,,,,Unsold
Rahkeem Cornwall,1.0 Cr,ALL-ROUNDER,,,,Unsold
Karim Janat,50.0 Lakhs,ALL-ROUNDER,,,,Unsold
Keshav Maharaj,50.0 Lakhs,ALL-ROUNDER,,,,Unsold
Pawan Negi,50.0 Lakhs,ALL-ROUNDER,,,,Unsold
Keemo Paul,50.0 Lakhs,ALL-ROUNDER,,,,Unsold
Shivam Chaudhary,20.0 Lakhs,ALL-ROUNDER,,,,Unsold
Ashwin Das,20.0 Lakhs,ALL-ROUNDER,,,,Unsold
James Fuller,40.0 Lakhs,ALL-ROUNDER,,,,Unsold
Chirag Jani,20.0 Lakhs,ALL-ROUNDER,,,,Unsold
Akshay Karnewar,20.0 Lakhs,ALL-ROUNDER,,,,Unsold
Bhagmender Lather,20.0 Lakhs,ALL-ROUNDER,,,,Unsold
Lone Muzaffar,20.0 Lakhs,ALL-ROUNDER,,,,Unsold
Pulkit Narang,20.0 Lakhs,ALL-ROUNDER,,,,Unsold
Rohit Rayudu,20.0 Lakhs,ALL-ROUNDER,,,,Unsold
Sameer Rizvi,20.0 Lakhs,ALL-ROUNDER,,,,Unsold
Tunish Sawkar,20.0 Lakhs,ALL-ROUNDER,,,,Unsold
Auqib Dar,20.0 Lakhs,BOWLER,,,,Unsold
Mukhtar Hussain,20.0 Lakhs,BOWLER,,,,Unsold
Ashwani Kumar,20.0 Lakhs,BOWLER,,,,Unsold
Hemant Kumar,20.0 Lakhs,BOWLER,,,,Unsold
Nathan McAndrew,20.0 Lakhs,BOWLER,,,,Unsold
Rajesh Mohanty,20.0 Lakhs,BOWLER,,,,Unsold
Ravi Sharma,20.0 Lakhs,BOWLER,,,,Unsold
Vikash Singh,20.0 Lakhs,BOWLER,,,,Unsold
Ruben Trumpelmann,20.0 Lakhs,BOWLER,,,,Unsold
Koushik Vasuki,20.0 Lakhs,BOWLER,,,,Unsold
Vasu Vats,20.0 Lakhs,BOWLER,,,,Unsold
Shubham Agrawal,20.0 Lakhs,ALL-ROUNDER,,,,Unsold
Baba Aparajith,20.0 Lakhs,ALL-ROUNDER,,,,Unsold
Anshul Kamboj,20.0 Lakhs,ALL-ROUNDER,,,,Unsold
Azim Kazi,20.0 Lakhs,ALL-ROUNDER,,,,Unsold
Dev Lakra,20.0 Lakhs,ALL-ROUNDER,,,,Unsold
Jitender Pal,20.0 Lakhs,ALL-ROUNDER,,,,Unsold
Ritwik Roy Chowdhury,20.0 Lakhs,ALL-ROUNDER,,,,Unsold
Utkarsh Singh,20.0 Lakhs,ALL-ROUNDER,,,,Unsold
Shubham Singh,20.0 Lakhs,ALL-ROUNDER,,,,Unsold
Avneesh Sudha,20.0 Lakhs,ALL-ROUNDER,,,,Unsold
Asad Jamil Ahmed,20.0 Lakhs,BOWLER,,,,Unsold
Bandaru Ayyappa,20.0 Lakhs,BOWLER,,,,Unsold
Aashish Bhatt,20.0 Lakhs,BOWLER,,,,Unsold
McKenny Clarke,20.0 Lakhs,BOWLER,,,,Unsold
Shubham Kapse,20.0 Lakhs,BOWLER,,,,Unsold
Gourav Koul,20.0 Lakhs,BOWLER,,,,Unsold
Raunak Kumar,20.0 Lakhs,BOWLER,,,,Unsold
Trilok Nag,20.0 Lakhs,BOWLER,,,,Unsold
Atal Bihari Rai,20.0 Lakhs,BOWLER,,,,Unsold
Ramon Simmonds,20.0 Lakhs,BOWLER,,,,Unsold
Rajeev Singh,20.0 Lakhs,BOWLER,,,,Unsold
Mohd. Wasim,20.0 Lakhs,BOWLER,,,,Unsold
Atharva Ankolekar,20.0 Lakhs,ALL-ROUNDER,,,,Unsold
Khizar Dafedar,20.0 Lakhs,ALL-ROUNDER,,,,Unsold
Naman Dhir,20.0 Lakhs,ALL-ROUNDER,,,,Unsold
Sahil Dhiwan,20.0 Lakhs,ALL-ROUNDER,,,,Unsold
Sampark Gupta,20.0 Lakhs,ALL-ROUNDER,,,,Unsold
Jordan Hermann,20.0 Lakhs,ALL-ROUNDER,,,,Unsold
Hayden Kerr,20.0 Lakhs,ALL-ROUNDER,,,,Unsold
Salman Khan,20.0 Lakhs,ALL-ROUNDER,,,,Unsold
Sairaj Patil,20.0 Lakhs,ALL-ROUNDER,,,,Unsold
Divyaansh Saxena,20.0 Lakhs,ALL-ROUNDER,,,,Unsold
Purnank Tyagi,20.0 Lakhs,ALL-ROUNDER,,,,Unsold
Prince Yadav,20.0 Lakhs,ALL-ROUNDER,,,,Unsold
Deepraj Gaonkar,20.0 Lakhs,ALL-ROUNDER,,,,Unsold
Shubham Garhwal,20.0 Lakhs,ALL-ROUNDER,,,RR,Unsold
Benny Howell,40.0 Lakhs,ALL-ROUNDER,,,PBKS,Unsold
Deepesh Nailwal,20.0 Lakhs,ALL-ROUNDER,,,,Unsold
Arjun Rapria,20.0 Lakhs,ALL-ROUNDER,,,,Unsold
Shashwat Rawat,20.0 Lakhs,ALL-ROUNDER,,,,Unsold
Sumit Ruikar,20.0 Lakhs,ALL-ROUNDER,,,,Unsold
Shivam Sharma,20.0 Lakhs,ALL-ROUNDER,,,,Unsold
Rajandeep Singh,20.0 Lakhs,ALL-ROUNDER,,,,Unsold
Anunay Singh,20.0 Lakhs,ALL-ROUNDER,,,,Unsold
Digvesh Singh,20.0 Lakhs,ALL-ROUNDER,,,,Unsold
Pranshu Vijayran,20.0 Lakhs,ALL-ROUNDER,,,,Unsold
Prerit Dutta,20.0 Lakhs,ALL-ROUNDER,,,,Unsold
Ramakrishna Ghosh,20.0 Lakhs,ALL-ROUNDER,,,,Unsold
Shubhang Hegde,20.0 Lakhs,ALL-ROUNDER,,,,Unsold
Shamshuzama Kazi,20.0 Lakhs,ALL-ROUNDER,,,,Unsold
Ayaz Khan,20.0 Lakhs,ALL-ROUNDER,,,,Unsold
Amit Pachhara,20.0 Lakhs,ALL-ROUNDER,,,,Unsold
Akul Pandove,20.0 Lakhs,ALL-ROUNDER,,,,Unsold
Garv Sangwan,20.0 Lakhs,ALL-ROUNDER,,,,Unsold
Shubham Sharma,20.0 Lakhs,ALL-ROUNDER,,,,Unsold
Amit Yadav,20.0 Lakhs,ALL-ROUNDER,,,,Unsold
Amit Ali,20.0 Lakhs,ALL-ROUNDER,,,,Unsold
Rishabh Chauhan,20.0 Lakhs,ALL-ROUNDER,,,,Unsold
Matthew Forde,20.0 Lakhs,ALL-ROUNDER,,,,Unsold
Sammar Gajjar,20.0 Lakhs,ALL-ROUNDER,,,,Unsold
Rajneesh Gurbani,20.0 Lakhs,ALL-ROUNDER,,,,Unsold
Divyansh Joshi,20.0 Lakhs,ALL-ROUNDER,,,,Unsold
Dhruv Patel,20.0 Lakhs,ALL-ROUNDER,,,,Unsold
Jack Prestwidge,20.0 Lakhs,ALL-ROUNDER,,,,Unsold
Aditya Sarvate,20.0 Lakhs,ALL-ROUNDER,,,,Unsold
Sagar Solanki,20.0 Lakhs,ALL-ROUNDER,,,,Unsold
Prenelan Subrayen,20.0 Lakhs,ALL-ROUNDER,,,,Unsold
